<?xml version="1.0" encoding="UTF-8" standalone="yes"?>
<Content>
    <Views>
        <ViewDef id="2f9c2ba6-ce30-465c-b58f-c16721b8ea04">
            <Title>_NSX-Logical Switch Basic Inventory</Title>
            <Description/>
            <SubjectType adapterKind="NSX" resourceKind="LogicalSwitch" type="descendant"/>
            <SubjectType adapterKind="NSX" resourceKind="LogicalSwitch" type="self"/>
            <Usage>dashboard</Usage>
            <Usage>report</Usage>
            <Usage>details</Usage>
            <Usage>content</Usage>
            <Controls>
                <Control id="time-interval-selector_id_191" type="time-interval-selector" visible="false">
                    <Property name="advancedTimeMode" value="false"/>
                    <Property name="unit" value="DAYS"/>
                    <Property name="count" value="7"/>
                </Control>
                <Control id="attributes-selector_id_192" type="attributes-selector" visible="false">
                    <Property name="attributeInfos">
                        <List>
                            <Item>
<Value>
    <Property name="objectType" value="RESOURCE"/>
    <Property name="attributeKey" value="network|subnet"/>
    <Property name="isStringAttribute" value="true"/>
    <Property name="adapterKind" value="NSX"/>
    <Property name="resourceKind" value="LogicalSwitch"/>
    <Property name="rollUpCount" value="0"/>
    <Property name="transformations">
        <List>
            <Item value="CURRENT"/>
        </List>
    </Property>
    <Property name="isProperty" value="true"/>
    <Property name="displayName" value="Subnet"/>
    <Property name="addTimestampAsColumn" value="false"/>
    <Property name="isShowRelativeTimestamp" value="false"/>
</Value>
                            </Item>
                            <Item>
<Value>
    <Property name="objectType" value="RESOURCE"/>
    <Property name="attributeKey" value="config|control_plane_mode"/>
    <Property name="isStringAttribute" value="true"/>
    <Property name="adapterKind" value="NSX"/>
    <Property name="resourceKind" value="LogicalSwitch"/>
    <Property name="rollUpCount" value="0"/>
    <Property name="transformations">
        <List>
            <Item value="CURRENT"/>
        </List>
    </Property>
    <Property name="isProperty" value="true"/>
    <Property name="displayName" value="Mode"/>
    <Property name="addTimestampAsColumn" value="false"/>
    <Property name="isShowRelativeTimestamp" value="false"/>
</Value>
                            </Item>
                            <Item>
<Value>
    <Property name="objectType" value="RESOURCE"/>
    <Property name="attributeKey" value="config|multicast_address"/>
    <Property name="isStringAttribute" value="true"/>
    <Property name="adapterKind" value="NSX"/>
    <Property name="resourceKind" value="LogicalSwitch"/>
    <Property name="rollUpCount" value="0"/>
    <Property name="transformations">
        <List>
            <Item value="CURRENT"/>
        </List>
    </Property>
    <Property name="isProperty" value="true"/>
    <Property name="displayName" value="Multicast Address"/>
    <Property name="addTimestampAsColumn" value="false"/>
    <Property name="isShowRelativeTimestamp" value="false"/>
</Value>
                            </Item>
                            <Item>
<Value>
    <Property name="objectType" value="RESOURCE"/>
    <Property name="attributeKey" value="config|vxlan"/>
    <Property name="isStringAttribute" value="true"/>
    <Property name="adapterKind" value="NSX"/>
    <Property name="resourceKind" value="LogicalSwitch"/>
    <Property name="rollUpCount" value="0"/>
    <Property name="transformations">
        <List>
            <Item value="CURRENT"/>
        </List>
    </Property>
    <Property name="isProperty" value="true"/>
    <Property name="displayName" value="VXLAN ID"/>
    <Property name="addTimestampAsColumn" value="false"/>
    <Property name="isShowRelativeTimestamp" value="false"/>
</Value>
                            </Item>
                            <Item>
<Value>
    <Property name="objectType" value="RESOURCE"/>
    <Property name="attributeKey" value="summary|attached_vms"/>
    <Property name="isStringAttribute" value="false"/>
    <Property name="adapterKind" value="NSX"/>
    <Property name="resourceKind" value="LogicalSwitch"/>
    <Property name="rollUpType" value="NONE"/>
    <Property name="rollUpCount" value="0"/>
    <Property name="transformations">
        <List>
            <Item value="CURRENT"/>
        </List>
    </Property>
    <Property name="isProperty" value="false"/>
    <Property name="displayName" value="Attached VMs"/>
    <Property name="addTimestampAsColumn" value="false"/>
    <Property name="isShowRelativeTimestamp" value="false"/>
</Value>
                            </Item>
                            <Item>
<Value>
    <Property name="objectType" value="RESOURCE"/>
    <Property name="attributeKey" value="port|max"/>
    <Property name="isStringAttribute" value="false"/>
    <Property name="adapterKind" value="NSX"/>
    <Property name="resourceKind" value="LogicalSwitch"/>
    <Property name="rollUpType" value="NONE"/>
    <Property name="rollUpCount" value="0"/>
    <Property name="transformations">
        <List>
            <Item value="CURRENT"/>
        </List>
    </Property>
    <Property name="isProperty" value="false"/>
    <Property name="displayName" value="Ports Capacity"/>
    <Property name="addTimestampAsColumn" value="false"/>
    <Property name="isShowRelativeTimestamp" value="false"/>
</Value>
                            </Item>
                            <Item>
<Value>
    <Property name="objectType" value="RESOURCE"/>
    <Property name="attributeKey" value="port|used"/>
    <Property name="isStringAttribute" value="false"/>
    <Property name="adapterKind" value="NSX"/>
    <Property name="resourceKind" value="LogicalSwitch"/>
    <Property name="rollUpType" value="NONE"/>
    <Property name="rollUpCount" value="0"/>
    <Property name="transformations">
        <List>
            <Item value="CURRENT"/>
        </List>
    </Property>
    <Property name="isProperty" value="false"/>
    <Property name="displayName" value="Ports Used"/>
    <Property name="addTimestampAsColumn" value="false"/>
    <Property name="isShowRelativeTimestamp" value="false"/>
</Value>
                            </Item>
                        </List>
                    </Property>
                </Control>
                <Control id="pagination-control_id_193" type="pagination-control" visible="true">
                    <Property name="start" value="0"/>
                    <Property name="size" value="50"/>
                </Control>
                <Control id="metadata_id_194" type="metadata" visible="false">
                    <Property name="maxPointsCount" value="5000"/>
                    <Property name="hideObjectNameColumn" value="false"/>
                    <Property name="listTopResultSize" value="-1"/>
                </Control>
            </Controls>
            <DataProviders>
                <DataProvider dataType="list-view" id="list-view_id_190"/>
            </DataProviders>
            <Presentation type="list"/>
        </ViewDef>
        <ViewDef id="14112d3c-eaf3-4b11-b7c7-fe12a261f38c">
            <Title>_NSX-Edges Basic Inventory</Title>
            <Description/>
            <SubjectType adapterKind="NSX" resourceKind="EdgeServicesGateway" type="descendant"/>
            <SubjectType adapterKind="NSX" resourceKind="EdgeServicesGateway" type="self"/>
            <Usage>dashboard</Usage>
            <Usage>report</Usage>
            <Usage>details</Usage>
            <Usage>content</Usage>
            <Controls>
                <Control id="time-interval-selector_id_185" type="time-interval-selector" visible="false">
                    <Property name="advancedTimeMode" value="false"/>
                    <Property name="unit" value="DAYS"/>
                    <Property name="count" value="7"/>
                </Control>
                <Control id="attributes-selector_id_186" type="attributes-selector" visible="false">
                    <Property name="attributeInfos">
                        <List>
                            <Item>
<Value>
    <Property name="objectType" value="RESOURCE"/>
    <Property name="attributeKey" value="status|status"/>
    <Property name="isStringAttribute" value="true"/>
    <Property name="adapterKind" value="NSX"/>
    <Property name="resourceKind" value="EdgeServicesGateway"/>
    <Property name="rollUpCount" value="0"/>
    <Property name="transformations">
        <List>
            <Item value="CURRENT"/>
        </List>
    </Property>
    <Property name="isProperty" value="false"/>
    <Property name="displayName" value="Status"/>
    <Property name="addTimestampAsColumn" value="false"/>
    <Property name="isShowRelativeTimestamp" value="false"/>
</Value>
                            </Item>
                            <Item>
<Value>
    <Property name="objectType" value="RESOURCE"/>
    <Property name="attributeKey" value="config|size"/>
    <Property name="isStringAttribute" value="true"/>
    <Property name="adapterKind" value="NSX"/>
    <Property name="resourceKind" value="EdgeServicesGateway"/>
    <Property name="rollUpCount" value="0"/>
    <Property name="transformations">
        <List>
            <Item value="CURRENT"/>
        </List>
    </Property>
    <Property name="isProperty" value="true"/>
    <Property name="displayName" value="Config Size"/>
    <Property name="addTimestampAsColumn" value="false"/>
    <Property name="isShowRelativeTimestamp" value="false"/>
</Value>
                            </Item>
                            <Item>
<Value>
    <Property name="objectType" value="RESOURCE"/>
    <Property name="attributeKey" value="interface|used"/>
    <Property name="isStringAttribute" value="false"/>
    <Property name="adapterKind" value="NSX"/>
    <Property name="resourceKind" value="EdgeServicesGateway"/>
    <Property name="rollUpType" value="NONE"/>
    <Property name="rollUpCount" value="0"/>
    <Property name="transformations">
        <List>
            <Item value="CURRENT"/>
        </List>
    </Property>
    <Property name="isProperty" value="false"/>
    <Property name="displayName" value="Interfaces Used"/>
    <Property name="addTimestampAsColumn" value="false"/>
    <Property name="isShowRelativeTimestamp" value="false"/>
</Value>
                            </Item>
                            <Item>
<Value>
    <Property name="objectType" value="RESOURCE"/>
    <Property name="attributeKey" value="config|syslog_enabled"/>
    <Property name="isStringAttribute" value="true"/>
    <Property name="adapterKind" value="NSX"/>
    <Property name="resourceKind" value="EdgeServicesGateway"/>
    <Property name="rollUpCount" value="0"/>
    <Property name="transformations">
        <List>
            <Item value="CURRENT"/>
        </List>
    </Property>
    <Property name="isProperty" value="true"/>
    <Property name="displayName" value="Syslog Enabled?"/>
    <Property name="addTimestampAsColumn" value="false"/>
    <Property name="isShowRelativeTimestamp" value="false"/>
</Value>
                            </Item>
                            <Item>
<Value>
    <Property name="objectType" value="RESOURCE"/>
    <Property name="attributeKey" value="config|ecmp|enabled"/>
    <Property name="isStringAttribute" value="true"/>
    <Property name="adapterKind" value="NSX"/>
    <Property name="resourceKind" value="EdgeServicesGateway"/>
    <Property name="rollUpCount" value="0"/>
    <Property name="transformations">
        <List>
            <Item value="CURRENT"/>
        </List>
    </Property>
    <Property name="isProperty" value="true"/>
    <Property name="displayName" value="ECMP Enabled?"/>
    <Property name="addTimestampAsColumn" value="false"/>
    <Property name="isShowRelativeTimestamp" value="false"/>
</Value>
                            </Item>
                            <Item>
<Value>
    <Property name="objectType" value="RESOURCE"/>
    <Property name="attributeKey" value="status|ha_status"/>
    <Property name="isStringAttribute" value="true"/>
    <Property name="adapterKind" value="NSX"/>
    <Property name="resourceKind" value="EdgeServicesGateway"/>
    <Property name="rollUpCount" value="0"/>
    <Property name="transformations">
        <List>
            <Item value="CURRENT"/>
        </List>
    </Property>
    <Property name="isProperty" value="true"/>
    <Property name="displayName" value="HA Status"/>
    <Property name="addTimestampAsColumn" value="false"/>
    <Property name="isShowRelativeTimestamp" value="false"/>
</Value>
                            </Item>
                            <Item>
<Value>
    <Property name="objectType" value="RESOURCE"/>
    <Property name="attributeKey" value="config|active_vm"/>
    <Property name="isStringAttribute" value="true"/>
    <Property name="adapterKind" value="NSX"/>
    <Property name="resourceKind" value="EdgeServicesGateway"/>
    <Property name="rollUpCount" value="0"/>
    <Property name="transformations">
        <List>
            <Item value="CURRENT"/>
        </List>
    </Property>
    <Property name="isProperty" value="true"/>
    <Property name="displayName" value="Active VM"/>
    <Property name="addTimestampAsColumn" value="false"/>
    <Property name="isShowRelativeTimestamp" value="false"/>
</Value>
                            </Item>
                            <Item>
<Value>
    <Property name="objectType" value="RESOURCE"/>
    <Property name="attributeKey" value="config|standby_vm"/>
    <Property name="isStringAttribute" value="true"/>
    <Property name="adapterKind" value="NSX"/>
    <Property name="resourceKind" value="EdgeServicesGateway"/>
    <Property name="rollUpCount" value="0"/>
    <Property name="transformations">
        <List>
            <Item value="CURRENT"/>
        </List>
    </Property>
    <Property name="isProperty" value="true"/>
    <Property name="displayName" value="Standby VM"/>
    <Property name="addTimestampAsColumn" value="false"/>
    <Property name="isShowRelativeTimestamp" value="false"/>
</Value>
                            </Item>
                        </List>
                    </Property>
                </Control>
                <Control id="pagination-control_id_187" type="pagination-control" visible="true">
                    <Property name="start" value="0"/>
                    <Property name="size" value="50"/>
                </Control>
                <Control id="metadata_id_188" type="metadata" visible="false">
                    <Property name="maxPointsCount" value="5000"/>
                    <Property name="hideObjectNameColumn" value="false"/>
                    <Property name="listTopResultSize" value="-1"/>
                </Control>
            </Controls>
            <DataProviders>
                <DataProvider dataType="list-view" id="list-view_id_184"/>
            </DataProviders>
            <Presentation type="list"/>
        </ViewDef>
        <ViewDef id="1ac1bb35-dafc-4b6c-be2b-804592ae7b76">
            <Title>_NSX-DLR Basic Inventory</Title>
            <Description/>
            <SubjectType adapterKind="NSX" resourceKind="LogicalRouter" type="descendant"/>
            <SubjectType adapterKind="NSX" resourceKind="LogicalRouter" type="self"/>
            <Usage>dashboard</Usage>
            <Usage>report</Usage>
            <Usage>details</Usage>
            <Usage>content</Usage>
            <Controls>
                <Control id="time-interval-selector_id_179" type="time-interval-selector" visible="false">
                    <Property name="advancedTimeMode" value="false"/>
                    <Property name="unit" value="DAYS"/>
                    <Property name="count" value="7"/>
                </Control>
                <Control id="attributes-selector_id_180" type="attributes-selector" visible="false">
                    <Property name="attributeInfos">
                        <List>
                            <Item>
<Value>
    <Property name="objectType" value="RESOURCE"/>
    <Property name="attributeKey" value="status|status"/>
    <Property name="isStringAttribute" value="true"/>
    <Property name="adapterKind" value="NSX"/>
    <Property name="resourceKind" value="LogicalRouter"/>
    <Property name="rollUpCount" value="0"/>
    <Property name="transformations">
        <List>
            <Item value="CURRENT"/>
        </List>
    </Property>
    <Property name="isProperty" value="false"/>
    <Property name="displayName" value="Status"/>
    <Property name="addTimestampAsColumn" value="false"/>
    <Property name="isShowRelativeTimestamp" value="false"/>
</Value>
                            </Item>
                            <Item>
<Value>
    <Property name="objectType" value="RESOURCE"/>
    <Property name="attributeKey" value="config|size"/>
    <Property name="isStringAttribute" value="true"/>
    <Property name="adapterKind" value="NSX"/>
    <Property name="resourceKind" value="LogicalRouter"/>
    <Property name="rollUpCount" value="0"/>
    <Property name="transformations">
        <List>
            <Item value="CURRENT"/>
        </List>
    </Property>
    <Property name="isProperty" value="true"/>
    <Property name="displayName" value="Config Size"/>
    <Property name="addTimestampAsColumn" value="false"/>
    <Property name="isShowRelativeTimestamp" value="false"/>
</Value>
                            </Item>
                            <Item>
<Value>
    <Property name="objectType" value="RESOURCE"/>
    <Property name="attributeKey" value="interface|used"/>
    <Property name="isStringAttribute" value="false"/>
    <Property name="adapterKind" value="NSX"/>
    <Property name="resourceKind" value="LogicalRouter"/>
    <Property name="rollUpType" value="NONE"/>
    <Property name="rollUpCount" value="0"/>
    <Property name="transformations">
        <List>
            <Item value="CURRENT"/>
        </List>
    </Property>
    <Property name="isProperty" value="false"/>
    <Property name="displayName" value="Interfaces Used"/>
    <Property name="addTimestampAsColumn" value="false"/>
    <Property name="isShowRelativeTimestamp" value="false"/>
</Value>
                            </Item>
                            <Item>
<Value>
    <Property name="objectType" value="RESOURCE"/>
    <Property name="attributeKey" value="config|bgp|enabled"/>
    <Property name="isStringAttribute" value="true"/>
    <Property name="adapterKind" value="NSX"/>
    <Property name="resourceKind" value="LogicalRouter"/>
    <Property name="rollUpCount" value="0"/>
    <Property name="transformations">
        <List>
            <Item value="CURRENT"/>
        </List>
    </Property>
    <Property name="isProperty" value="true"/>
    <Property name="displayName" value="BGP Enabled?"/>
    <Property name="addTimestampAsColumn" value="false"/>
    <Property name="isShowRelativeTimestamp" value="false"/>
</Value>
                            </Item>
                            <Item>
<Value>
    <Property name="objectType" value="RESOURCE"/>
    <Property name="attributeKey" value="config|ospf|enabled"/>
    <Property name="isStringAttribute" value="true"/>
    <Property name="adapterKind" value="NSX"/>
    <Property name="resourceKind" value="LogicalRouter"/>
    <Property name="rollUpCount" value="0"/>
    <Property name="transformations">
        <List>
            <Item value="CURRENT"/>
        </List>
    </Property>
    <Property name="isProperty" value="true"/>
    <Property name="displayName" value="OSPF Enabled?"/>
    <Property name="addTimestampAsColumn" value="false"/>
    <Property name="isShowRelativeTimestamp" value="false"/>
</Value>
                            </Item>
                            <Item>
<Value>
    <Property name="objectType" value="RESOURCE"/>
    <Property name="attributeKey" value="config|syslog_enabled"/>
    <Property name="isStringAttribute" value="true"/>
    <Property name="adapterKind" value="NSX"/>
    <Property name="resourceKind" value="LogicalRouter"/>
    <Property name="rollUpCount" value="0"/>
    <Property name="transformations">
        <List>
            <Item value="CURRENT"/>
        </List>
    </Property>
    <Property name="isProperty" value="true"/>
    <Property name="displayName" value="Syslog Enabled?"/>
    <Property name="addTimestampAsColumn" value="false"/>
    <Property name="isShowRelativeTimestamp" value="false"/>
</Value>
                            </Item>
                            <Item>
<Value>
    <Property name="objectType" value="RESOURCE"/>
    <Property name="attributeKey" value="status|ha_status"/>
    <Property name="isStringAttribute" value="true"/>
    <Property name="adapterKind" value="NSX"/>
    <Property name="resourceKind" value="LogicalRouter"/>
    <Property name="rollUpCount" value="0"/>
    <Property name="transformations">
        <List>
            <Item value="CURRENT"/>
        </List>
    </Property>
    <Property name="isProperty" value="true"/>
    <Property name="displayName" value="HA Status"/>
    <Property name="addTimestampAsColumn" value="false"/>
    <Property name="isShowRelativeTimestamp" value="false"/>
</Value>
                            </Item>
                            <Item>
<Value>
    <Property name="objectType" value="RESOURCE"/>
    <Property name="attributeKey" value="config|active_vm"/>
    <Property name="isStringAttribute" value="true"/>
    <Property name="adapterKind" value="NSX"/>
    <Property name="resourceKind" value="LogicalRouter"/>
    <Property name="rollUpCount" value="0"/>
    <Property name="transformations">
        <List>
            <Item value="CURRENT"/>
        </List>
    </Property>
    <Property name="isProperty" value="true"/>
    <Property name="displayName" value="Active VM"/>
    <Property name="addTimestampAsColumn" value="false"/>
    <Property name="isShowRelativeTimestamp" value="false"/>
</Value>
                            </Item>
                            <Item>
<Value>
    <Property name="objectType" value="RESOURCE"/>
    <Property name="attributeKey" value="config|standby_vm"/>
    <Property name="isStringAttribute" value="true"/>
    <Property name="adapterKind" value="NSX"/>
    <Property name="resourceKind" value="LogicalRouter"/>
    <Property name="rollUpCount" value="0"/>
    <Property name="transformations">
        <List>
            <Item value="CURRENT"/>
        </List>
    </Property>
    <Property name="isProperty" value="true"/>
    <Property name="displayName" value="Standby VM"/>
    <Property name="addTimestampAsColumn" value="false"/>
    <Property name="isShowRelativeTimestamp" value="false"/>
</Value>
                            </Item>
                        </List>
                    </Property>
                </Control>
                <Control id="pagination-control_id_181" type="pagination-control" visible="true">
                    <Property name="start" value="0"/>
                    <Property name="size" value="50"/>
                </Control>
                <Control id="metadata_id_182" type="metadata" visible="false">
                    <Property name="maxPointsCount" value="5000"/>
                    <Property name="hideObjectNameColumn" value="false"/>
                    <Property name="listTopResultSize" value="-1"/>
                </Control>
            </Controls>
            <DataProviders>
                <DataProvider dataType="list-view" id="list-view_id_178"/>
            </DataProviders>
            <Presentation type="list"/>
        </ViewDef>
    </Views>
</Content>
